cv_mean,cv_std,params
0.5350710900473933,0.037239244133769084,{'C': 10.0}
0.5161137440758294,0.05000842228204897,{'C': 0.01}
0.5137440758293839,0.05144745685350488,{'C': 1.0}
0.5042654028436019,0.054479698561124376,{'C': 0.1}
