cv_mean,cv_std,params
0.48909952606635076,0.019344390172472557,"{'max_depth': 10, 'n_estimators': 300}"
0.4867298578199052,0.02497050212761989,"{'max_depth': 20, 'n_estimators': 300}"
0.4857819905213271,0.022580339809614398,"{'max_depth': None, 'n_estimators': 500}"
0.4848341232227488,0.03251198651401421,"{'max_depth': 10, 'n_estimators': 100}"
0.4848341232227488,0.021120644507257987,"{'max_depth': 10, 'n_estimators': 500}"
0.4838862559241706,0.02849125756433957,"{'max_depth': 20, 'n_estimators': 100}"
0.48293838862559235,0.016099798816552623,"{'max_depth': None, 'n_estimators': 100}"
0.48293838862559235,0.0265318199095325,"{'max_depth': None, 'n_estimators': 300}"
0.4753554502369668,0.02063653180765617,"{'max_depth': 20, 'n_estimators': 500}"
