cv_mean,cv_std,params
0.5483412322274882,0.03507109004739335,{'C': 0.01}
0.5218009478672986,0.0027634843103532323,{'C': 10.0}
0.5203791469194313,0.02954397606731508,{'C': 0.1}
0.4995260663507109,0.022199124983185534,{'C': 1.0}
