cv_mean,cv_std,params
0.4919431279620853,0.05088114224228556,"{'max_depth': 10, 'n_estimators': 500}"
0.48862559241706166,0.04284842484282731,"{'max_depth': 10, 'n_estimators': 100}"
0.4862559241706161,0.048849663418863036,"{'max_depth': 10, 'n_estimators': 300}"
0.485781990521327,0.05241200493250902,"{'max_depth': 20, 'n_estimators': 500}"
0.4853080568720379,0.053354910544293845,"{'max_depth': 20, 'n_estimators': 100}"
0.4843601895734597,0.0490836037056868,"{'max_depth': None, 'n_estimators': 500}"
0.4838862559241706,0.04841087818238576,"{'max_depth': None, 'n_estimators': 300}"
0.4834123222748815,0.04734594784357223,"{'max_depth': 20, 'n_estimators': 300}"
0.4815165876777251,0.050277190371093246,"{'max_depth': None, 'n_estimators': 100}"
