cv_mean,cv_std,params
0.5222748815165877,0.023866688743154826,{'C': 10.0}
0.5018957345971564,0.016238712510911673,{'C': 0.01}
0.4990521327014218,0.011074238337012238,{'C': 0.1}
0.4962085308056873,0.010120453319460954,{'C': 1.0}
